一	1	../001.png	1
右	2	../001.png	1
雨	3	../001.png	1
円	4	../002.png	2
王	5	../002.png	2
音	6	../002.png	2
下	7	../003.png	3
火	8	../003.png	3
花	9	../003.png	3
学	10	../004.png	4
気	11	../004.png	4
九	12	../004.png	4
休	13	../005.png	5
金	14	../005.png	5
空	15	../005.png	5
月	16	../006.png	6
犬	17	../006.png	6
見	18	../006.png	6
五	19	../006.png	6
口	20	../007.png	7
校	21	../007.png	7
左	22	../007.png	7
三	23	../008.png	8
山	24	../008.png	8
子	25	../008.png	8
四	26	../008.png	8
糸	27	../009.png	9
字	28	../009.png	9
耳	29	../009.png	9
七	30	../009.png	9
車	31	../010.png	10
手	32	../010.png	10
十	33	../010.png	10
出	34	../010.png	10
女	35	../011.png	11
小	36	../011.png	11
上	37	../011.png	11
森	38	../011.png	11
人	39	../012.png	12
水	40	../012.png	12
正	41	../012.png	12
生	42	../012.png	12
青	43	../013.png	13
夕	44	../013.png	13
石	45	../013.png	13
赤	46	../013.png	13
千	47	../014.png	14
川	48	../014.png	14
先	49	../014.png	14
早	50	../014.png	14
足	51	../015.png	15
村	52	../015.png	15
大	53	../015.png	15
男	54	../015.png	15
中	55	../016.png	16
虫	56	../016.png	16
町	57	../016.png	16
天	58	../016.png	16
田	59	../017.png	17
土	60	../017.png	17
二	61	../017.png	17
日	62	../017.png	17
入	63	../017.png	17
年	64	../018.png	18
白	65	../018.png	18
八	66	../018.png	18
百	67	../019.png	19
文	68	../019.png	19
木	69	../019.png	19
本	70	../019.png	19
名	71	../020.png	20
目	72	../020.png	20
立	73	../020.png	20
力	74	../020.png	20
林	75	../021.png	21
六	76	../021.png	21
引	77	../022.png	22
雲	78	../022.png	22
遠	79	../022.png	22
何	80	../023.png	23
科	81	../023.png	23
夏	82	../023.png	23
家	83	../024.png	24
歌	84	../024.png	24
画	85	../024.png	24
回	86	../024.png	24
会	87	../025.png	25
海	88	../025.png	25
絵	89	../025.png	25
貝	90	../025.png	25
外	91	../026.png	26
間	92	../026.png	26
顔	93	../026.png	26
汽	94	../026.png	26
記	95	../027.png	27
帰	96	../027.png	27
牛	97	../027.png	27
魚	98	../027.png	27
京	99	../028.png	28
強	100	../028.png	28
教	101	../028.png	28
玉	102	../029.png	29
近	103	../029.png	29
形	104	../029.png	29
計	105	../029.png	29
元	106	../030.png	30
原	107	../030.png	30
戸	108	../030.png	30
古	109	../030.png	30
午	110	../031.png	31
後	111	../031.png	31
語	112	../031.png	31
工	113	../032.png	32
広	114	../032.png	32
交	115	../032.png	32
光	116	../032.png	32
考	117	../033.png	33
行	118	../033.png	33
高	119	../033.png	33
黄	120	../034.png	34
合	121	../034.png	34
谷	122	../034.png	34
国	123	../034.png	34
黒	124	../035.png	35
今	125	../035.png	35
才	126	../035.png	35
作	127	../035.png	35
算	128	../036.png	36
止	129	../036.png	36
市	130	../036.png	36
思	131	../037.png	37
紙	132	../037.png	37
寺	133	../037.png	37
自	134	../038.png	38
時	135	../038.png	38
室	136	../038.png	38
社	137	../039.png	39
弱	138	../039.png	39
首	139	../039.png	39
秋	140	../039.png	39
春	141	../040.png	40
書	142	../040.png	40
少	143	../040.png	40
場	144	../040.png	40
色	145	../041.png	41
食	146	../041.png	41
心	147	../041.png	41
新	148	../042.png	42
親	149	../042.png	42
図	150	../042.png	42
数	151	../043.png	43
西	152	../043.png	43
声	153	../043.png	43
星	154	../044.png	44
晴	155	../044.png	44
切	156	../044.png	44
雪	157	../044.png	44
船	158	../045.png	45
前	159	../045.png	45
組	160	../045.png	45
走	161	../046.png	46
草	162	../046.png	46
多	163	../046.png	46
太	164	../046.png	46
体	165	../047.png	47
台	166	../047.png	47
地	167	../047.png	47
池	168	../048.png	48
知	169	../048.png	48
竹	170	../048.png	48
茶	171	../048.png	48
昼	172	../049.png	49
長	173	../049.png	49
鳥	174	../049.png	49
朝	175	../049.png	49
通	176	../050.png	50
弟	177	../050.png	50
店	178	../050.png	50
点	179	../051.png	51
電	180	../051.png	51
刀	181	../051.png	51
冬	182	../051.png	51
当	183	../052.png	52
東	184	../052.png	52
答	185	../053.png	53
頭	186	../053.png	53
同	187	../053.png	53
道	188	../053.png	53
読	189	../054.png	54
南	190	../054.png	54
馬	191	../054.png	54
売	192	../054.png	54
買	193	../055.png	55
麦	194	../055.png	55
半	195	../055.png	55
番	196	../055.png	55
父	197	../056.png	56
風	198	../056.png	56
分	199	../056.png	56
聞	200	../057.png	57
米	201	../057.png	57
歩	202	../057.png	57
母	203	../057.png	57
方	204	../058.png	58
北	205	../058.png	58
毎	206	../058.png	58
妹	207	../059.png	59
明	208	../059.png	59
鳴	209	../059.png	59
毛	210	../059.png	59
門	211	../059.png	59
夜	212	../060.png	60
野	213	../060.png	60
友	214	../060.png	60
用	215	../060.png	60
曜	216	../061.png	61
来	217	../061.png	61
楽	218	../061.png	61
里	219	../062.png	62
理	220	../062.png	62
話	221	../063.png	63
悪	222	../064.png	64
安	223	../064.png	64
暗	224	../064.png	64
医	225	../065.png	65
意	226	../065.png	65
育	227	../065.png	65
員	228	../066.png	66
院	229	../066.png	66
飲	230	../066.png	66
運	231	../067.png	67
泳	232	../067.png	67
駅	233	../067.png	67
園	234	../068.png	68
横	235	../068.png	68
屋	236	../068.png	68
温	237	../069.png	69
化	238	../069.png	69
荷	239	../069.png	69
界	240	../070.png	70
開	241	../070.png	70
階	242	../070.png	70
角	243	../070.png	70
活	244	../071.png	71
寒	245	../071.png	71
感	246	../071.png	71
館	247	../072.png	72
岸	248	../072.png	72
岩	249	../072.png	72
起	250	../072.png	72
期	251	../073.png	73
客	252	../073.png	73
究	253	../073.png	73
急	254	../073.png	73
級	255	../074.png	74
宮	256	../074.png	74
球	257	../074.png	74
去	258	../075.png	75
橋	259	../075.png	75
業	260	../075.png	75
曲	261	../076.png	76
局	262	../076.png	76
銀	263	../077.png	77
苦	264	../077.png	77
具	265	../077.png	77
君	266	../078.png	78
兄	267	../078.png	78
係	268	../078.png	78
軽	269	../079.png	79
血	270	../079.png	79
決	271	../079.png	79
研	272	../080.png	80
県	273	../080.png	80
言	274	../081.png	81
庫	275	../081.png	81
湖	276	../081.png	81
公	277	../082.png	82
向	278	../082.png	82
幸	279	../082.png	82
港	280	../083.png	83
号	281	../083.png	83
根	282	../084.png	84
祭	283	../084.png	84
細	284	../084.png	84
仕	285	../084.png	84
死	286	../085.png	85
使	287	../085.png	85
始	288	../085.png	85
指	289	../086.png	86
歯	290	../086.png	86
詩	291	../086.png	86
次	292	../086.png	86
事	293	../087.png	87
持	294	../087.png	87
式	295	../087.png	87
実	296	../088.png	88
写	297	../088.png	88
者	298	../089.png	89
主	299	../089.png	89
守	300	../089.png	89
取	301	../090.png	90
酒	302	../090.png	90
受	303	../090.png	90
州	304	../091.png	91
拾	305	../091.png	91
終	306	../091.png	91
習	307	../092.png	92
週	308	../092.png	92
集	309	../092.png	92
住	310	../093.png	93
重	311	../093.png	93
所	312	../093.png	93
暑	313	../094.png	94
助	314	../094.png	94
昭	315	../094.png	94
消	316	../094.png	94
商	317	../095.png	95
章	318	../095.png	95
勝	319	../096.png	96
乗	320	../096.png	96
植	321	../096.png	96
申	322	../096.png	96
身	323	../097.png	97
神	324	../097.png	97
深	325	../097.png	97
進	326	../097.png	97
世	327	../098.png	98
整	328	../098.png	98
線	329	../098.png	98
全	330	../098.png	98
送	331	../099.png	99
息	332	../099.png	99
族	333	../099.png	99
他	334	../100.png	100
打	335	../100.png	100
対	336	../100.png	100
待	337	../101.png	101
代	338	../101.png	101
第	339	../101.png	101
題	340	../102.png	102
炭	341	../102.png	102
短	342	../102.png	102
着	343	../103.png	103
注	344	../103.png	103
柱	345	../103.png	103
丁	346	../103.png	103
帳	347	../104.png	104
調	348	../104.png	104
直	349	../104.png	104
追	350	../105.png	105
定	351	../105.png	105
庭	352	../105.png	105
鉄	353	../106.png	106
転	354	../106.png	106
都	355	../106.png	106
度	356	../107.png	107
投	357	../107.png	107
島	358	../107.png	107
湯	359	../107.png	107
登	360	../108.png	108
等	361	../108.png	108
動	362	../108.png	108
童	363	../109.png	109
内	364	../109.png	109
肉	365	../109.png	109
農	366	../110.png	110
波	367	../110.png	110
配	368	../110.png	110
畑	369	../111.png	111
発	370	../111.png	111
反	371	../111.png	111
坂	372	../112.png	112
板	373	../112.png	112
皮	374	../112.png	112
悲	375	../112.png	112
美	376	../113.png	113
鼻	377	../113.png	113
氷	378	../113.png	113
表	379	../113.png	113
秒	380	../114.png	114
病	381	../114.png	114
品	382	../114.png	114
負	383	../115.png	115
部	384	../115.png	115
服	385	../116.png	116
福	386	../116.png	116
物	387	../116.png	116
平	388	../117.png	117
返	389	../117.png	117
勉	390	../117.png	117
放	391	../118.png	118
万	392	../118.png	118
味	393	../118.png	118
命	394	../119.png	119
面	395	../119.png	119
問	396	../119.png	119
役	397	../119.png	119
薬	398	../120.png	120
由	399	../120.png	120
油	400	../120.png	120
有	401	../120.png	120
遊	402	../121.png	121
予	403	../121.png	121
洋	404	../122.png	122
葉	405	../122.png	122
陽	406	../122.png	122
様	407	../123.png	123
落	408	../123.png	123
流	409	../124.png	124
旅	410	../124.png	124
両	411	../124.png	124
緑	412	../125.png	125
礼	413	../125.png	125
列	414	../125.png	125
路	415	../126.png	126
和	416	../126.png	126
愛	417	../127.png	127
案	418	../127.png	127
以	419	../128.png	128
衣	420	../128.png	128
位	421	../128.png	128
囲	422	../129.png	129
委	423	../129.png	129
胃	424	../129.png	129
印	425	../129.png	129
英	426	../130.png	130
栄	427	../130.png	130
塩	428	../130.png	130
央	429	../131.png	131
億	430	../131.png	131
加	431	../131.png	131
貨	432	../132.png	132
課	433	../132.png	132
芽	434	../132.png	132
改	435	../132.png	132
械	436	../133.png	133
害	437	../133.png	133
各	438	../133.png	133
覚	439	../134.png	134
完	440	../134.png	134
官	441	../134.png	134
漢	442	../135.png	135
管	443	../135.png	135
関	444	../136.png	136
観	445	../136.png	136
願	446	../136.png	136
希	447	../137.png	137
季	448	../137.png	137
紀	449	../137.png	137
喜	450	../137.png	137
旗	451	../138.png	138
器	452	../138.png	138
機	453	../138.png	138
議	454	../139.png	139
求	455	../139.png	139
救	456	../139.png	139
給	457	../140.png	140
挙	458	../140.png	140
漁	459	../140.png	140
共	460	../140.png	140
協	461	../141.png	141
鏡	462	../141.png	141
競	463	../141.png	141
極	464	../142.png	142
区	465	../142.png	142
軍	466	../142.png	142
郡	467	../143.png	143
型	468	../143.png	143
景	469	../143.png	143
芸	470	../144.png	144
欠	471	../144.png	144
結	472	../144.png	144
建	473	../145.png	145
健	474	../145.png	145
験	475	../145.png	145
固	476	../145.png	145
功	477	../146.png	146
候	478	../146.png	146
航	479	../147.png	147
康	480	../147.png	147
告	481	../147.png	147
差	482	../148.png	148
菜	483	../148.png	148
最	484	../148.png	148
材	485	../149.png	149
昨	486	../149.png	149
刷	487	../149.png	149
殺	488	../150.png	150
察	489	../150.png	150
参	490	../150.png	150
産	491	../151.png	151
散	492	../151.png	151
残	493	../151.png	151
士	494	../152.png	152
氏	495	../152.png	152
史	496	../152.png	152
司	497	../153.png	153
姉	498	../153.png	153
試	499	../153.png	153
辞	500	../154.png	154
失	501	../154.png	154
借	502	../154.png	154
種	503	../155.png	155
周	504	../155.png	155
宿	505	../155.png	155
順	506	../156.png	156
初	507	../156.png	156
唱	508	../156.png	156
焼	509	../157.png	157
照	510	../157.png	157
賞	511	../157.png	157
臣	512	../157.png	157
信	513	../158.png	158
真	514	../158.png	158
成	515	../158.png	158
省	516	../159.png	159
清	517	../159.png	159
勢	518	../159.png	159
静	519	../160.png	160
席	520	../160.png	160
積	521	../160.png	160
折	522	../161.png	161
節	523	../161.png	161
説	524	../161.png	161
浅	525	../162.png	162
戦	526	../162.png	162
選	527	../162.png	162
然	528	../163.png	163
争	529	../163.png	163
相	530	../163.png	163
倉	531	../164.png	164
想	532	../164.png	164
象	533	../164.png	164
速	534	../165.png	165
側	535	../165.png	165
続	536	../165.png	165
卒	537	../166.png	166
孫	538	../166.png	166
帯	539	../166.png	166
隊	540	../167.png	167
達	541	../167.png	167
単	542	../167.png	167
談	543	../168.png	168
治	544	../168.png	168
置	545	../168.png	168
貯	546	../168.png	168
腸	547	../169.png	169
低	548	../169.png	169
底	549	../169.png	169
停	550	../169.png	169
的	551	../170.png	170
典	552	../170.png	170
伝	553	../170.png	170
徒	554	../171.png	171
努	555	../171.png	171
灯	556	../171.png	171
堂	557	../171.png	171
働	558	../172.png	172
毒	559	../172.png	172
熱	560	../172.png	172
念	561	../173.png	173
敗	562	../173.png	173
倍	563	../173.png	173
博	564	../174.png	174
飯	565	../174.png	174
飛	566	../174.png	174
費	567	../175.png	175
必	568	../175.png	175
筆	569	../175.png	175
票	570	../175.png	175
標	571	../176.png	176
不	572	../176.png	176
夫	573	../176.png	176
付	574	../176.png	176
府	575	../177.png	177
副	576	../177.png	177
粉	577	../177.png	177
兵	578	../178.png	178
別	579	../178.png	178
辺	580	../178.png	178
変	581	../179.png	179
便	582	../179.png	179
包	583	../179.png	179
法	584	../180.png	180
望	585	../180.png	180
牧	586	../180.png	180
末	587	../180.png	180
満	588	../181.png	181
脈	589	../181.png	181
民	590	../181.png	181
約	591	../182.png	182
勇	592	../182.png	182
要	593	../182.png	182
養	594	../183.png	183
浴	595	../183.png	183
利	596	../183.png	183
陸	597	../183.png	183
良	598	../184.png	184
料	599	../184.png	184
量	600	../184.png	184
輪	601	../184.png	184
類	602	../185.png	185
令	603	../185.png	185
冷	604	../185.png	185
例	605	../186.png	186
歴	606	../186.png	186
連	607	../186.png	186
練	608	../187.png	187
老	609	../187.png	187
労	610	../187.png	187
録	611	../188.png	188
圧	612	../189.png	189
移	613	../189.png	189
因	614	../190.png	190
永	615	../190.png	190
営	616	../190.png	190
衛	617	../191.png	191
易	618	../191.png	191
益	619	../191.png	191
液	620	../192.png	192
演	621	../192.png	192
応	622	../192.png	192
往	623	../193.png	193
恩	624	../193.png	193
仮	625	../193.png	193
価	626	../194.png	194
果	627	../194.png	194
河	628	../194.png	194
過	629	../195.png	195
賀	630	../195.png	195
快	631	../195.png	195
解	632	../196.png	196
格	633	../196.png	196
確	634	../196.png	196
額	635	../197.png	197
刊	636	../197.png	197
幹	637	../197.png	197
慣	638	../198.png	198
歓	639	../198.png	198
眼	640	../198.png	198
基	641	../198.png	198
寄	642	../199.png	199
規	643	../199.png	199
技	644	../199.png	199
義	645	../200.png	200
逆	646	../200.png	200
久	647	../200.png	200
旧	648	../201.png	201
居	649	../201.png	201
許	650	../202.png	202
境	651	../202.png	202
興	652	../202.png	202
均	653	../203.png	203
禁	654	../203.png	203
句	655	../203.png	203
訓	656	../204.png	204
群	657	../204.png	204
経	658	../204.png	204
潔	659	../205.png	205
件	660	../205.png	205
券	661	../205.png	205
険	662	../206.png	206
検	663	../206.png	206
絹	664	../206.png	206
限	665	../206.png	206
現	666	../207.png	207
減	667	../207.png	207
故	668	../207.png	207
個	669	../207.png	207
護	670	../208.png	208
効	671	../208.png	208
厚	672	../208.png	208
耕	673	../209.png	209
鉱	674	../209.png	209
構	675	../209.png	209
講	676	../210.png	210
混	677	../210.png	210
査	678	../210.png	210
再	679	../211.png	211
災	680	../211.png	211
妻	681	../211.png	211
採	682	../211.png	211
際	683	../212.png	212
在	684	../212.png	212
財	685	../212.png	212
罪	686	../213.png	213
雑	687	../213.png	213
蚕	688	../213.png	213
酸	689	../214.png	214
賛	690	../214.png	214
支	691	../214.png	214
志	692	../215.png	215
師	693	../215.png	215
資	694	../215.png	215
示	695	../216.png	216
似	696	../216.png	216
児	697	../216.png	216
識	698	../217.png	217
質	699	../217.png	217
舎	700	../217.png	217
謝	701	../218.png	218
授	702	../218.png	218
収	703	../218.png	218
修	704	../219.png	219
衆	705	../219.png	219
祝	706	../219.png	219
述	707	../220.png	220
術	708	../220.png	220
準	709	../220.png	220
序	710	../221.png	221
除	711	../221.png	221
招	712	../221.png	221
承	713	../222.png	222
称	714	../222.png	222
証	715	../222.png	222
条	716	../223.png	223
状	717	../223.png	223
常	718	../223.png	223
情	719	../224.png	224
織	720	../224.png	224
職	721	../224.png	224
制	722	../225.png	225
性	723	../225.png	225
政	724	../225.png	225
精	725	../225.png	225
製	726	../226.png	226
税	727	../226.png	226
責	728	../226.png	226
績	729	../227.png	227
接	730	../227.png	227
設	731	../227.png	227
舌	732	../228.png	228
絶	733	../228.png	228
銭	734	../228.png	228
善	735	../229.png	229
祖	736	../229.png	229
素	737	../229.png	229
総	738	../230.png	230
造	739	../230.png	230
像	740	../230.png	230
増	741	../231.png	231
則	742	../231.png	231
測	743	../231.png	231
属	744	../232.png	232
損	745	../232.png	232
退	746	../233.png	233
貸	747	../233.png	233
態	748	../233.png	233
団	749	../234.png	234
断	750	../234.png	234
築	751	../234.png	234
張	752	../235.png	235
提	753	../235.png	235
程	754	../235.png	235
適	755	../236.png	236
敵	756	../236.png	236
統	757	../236.png	236
銅	758	../237.png	237
導	759	../237.png	237
特	760	../237.png	237
得	761	../238.png	238
徳	762	../238.png	238
独	763	../238.png	238
任	764	../239.png	239
燃	765	../239.png	239
能	766	../239.png	239
破	767	../240.png	240
犯	768	../240.png	240
判	769	../240.png	240
版	770	../241.png	241
比	771	../241.png	241
肥	772	../241.png	241
非	773	../242.png	242
備	774	../242.png	242
俵	775	../242.png	242
評	776	../243.png	243
貧	777	../243.png	243
布	778	../243.png	243
婦	779	../243.png	243
富	780	../244.png	244
武	781	../244.png	244
復	782	../244.png	244
複	783	../245.png	245
仏	784	../245.png	245
編	785	../245.png	245
弁	786	../246.png	246
保	787	../246.png	246
墓	788	../247.png	247
報	789	../247.png	247
豊	790	../248.png	248
防	791	../248.png	248
貿	792	../248.png	248
暴	793	../249.png	249
未	794	../249.png	249
務	795	../249.png	249
無	796	../250.png	250
迷	797	../250.png	250
綿	798	../250.png	250
輸	799	../251.png	251
余	800	../251.png	251
預	801	../251.png	251
容	802	../252.png	252
率	803	../252.png	252
略	804	../252.png	252
留	805	../253.png	253
領	806	../253.png	253
異	807	../254.png	254
遺	808	../254.png	254
域	809	../254.png	254
壱	810	../255.png	255
宇	811	../255.png	255
羽	812	../255.png	255
映	813	../255.png	255
延	814	../256.png	256
沿	815	../256.png	256
可	816	../256.png	256
我	817	../257.png	257
灰	818	../257.png	257
街	819	../257.png	257
拡	820	../258.png	258
革	821	../258.png	258
閣	822	../258.png	258
割	823	../258.png	258
株	824	../259.png	259
干	825	../259.png	259
巻	826	../259.png	259
看	827	../260.png	260
勧	828	../260.png	260
簡	829	../260.png	260
丸	830	../261.png	261
危	831	../261.png	261
机	832	../261.png	261
揮	833	../262.png	262
貴	834	../262.png	262
疑	835	../262.png	262
弓	836	../263.png	263
吸	837	../263.png	263
泣	838	../263.png	263
供	839	../263.png	263
胸	840	../264.png	264
郷	841	../264.png	264
勤	842	../265.png	265
筋	843	../265.png	265
系	844	../265.png	265
径	845	../266.png	266
敬	846	../266.png	266
警	847	../266.png	266
劇	848	../267.png	267
穴	849	../267.png	267
兼	850	../267.png	267
権	851	../268.png	268
憲	852	../268.png	268
源	853	../269.png	269
厳	854	../269.png	269
己	855	../269.png	269
呼	856	../270.png	270
誤	857	../270.png	270
后	858	../270.png	270
好	859	../271.png	271
孝	860	../271.png	271
皇	861	../271.png	271
紅	862	../272.png	272
降	863	../272.png	272
鋼	864	../272.png	272
刻	865	../273.png	273
穀	866	../273.png	273
骨	867	../273.png	273
困	868	../274.png	274
砂	869	../274.png	274
座	870	../274.png	274
済	871	../275.png	275
裁	872	../275.png	275
策	873	../275.png	275
冊	874	../276.png	276
至	875	../276.png	276
私	876	../276.png	276
姿	877	../276.png	276
視	878	../277.png	277
詞	879	../277.png	277
誌	880	../277.png	277
磁	881	../277.png	277
射	882	../278.png	278
捨	883	../278.png	278
尺	884	../278.png	278
釈	885	../279.png	279
若	886	../279.png	279
需	887	../279.png	279
樹	888	../280.png	280
宗	889	../280.png	280
就	890	../280.png	280
従	891	../281.png	281
縦	892	../281.png	281
縮	893	../281.png	281
熟	894	../282.png	282
純	895	../282.png	282
処	896	../282.png	282
署	897	../283.png	283
諸	898	../283.png	283
将	899	../283.png	283
笑	900	../284.png	284
傷	901	../284.png	284
障	902	../284.png	284
城	903	../285.png	285
蒸	904	../285.png	285
針	905	../285.png	285
仁	906	../286.png	286
垂	907	../286.png	286
推	908	../287.png	287
寸	909	../287.png	287
是	910	../287.png	287
聖	911	../288.png	288
誠	912	../288.png	288
宣	913	../288.png	288
専	914	../289.png	289
泉	915	../289.png	289
洗	916	../289.png	289
染	917	../290.png	290
奏	918	../290.png	290
窓	919	../290.png	290
創	920	../291.png	291
層	921	../291.png	291
操	922	../291.png	291
蔵	923	../292.png	292
臓	924	../292.png	292
俗	925	../292.png	292
存	926	../293.png	293
尊	927	../293.png	293
宅	928	../294.png	294
担	929	../294.png	294
探	930	../294.png	294
段	931	../295.png	295
暖	932	../295.png	295
値	933	../295.png	295
仲	934	../296.png	296
宙	935	../296.png	296
忠	936	../297.png	297
著	937	../297.png	297
庁	938	../297.png	297
兆	939	../297.png	297
頂	940	../298.png	298
潮	941	../298.png	298
賃	942	../298.png	298
痛	943	../299.png	299
展	944	../299.png	299
討	945	../299.png	299
党	946	../300.png	300
糖	947	../300.png	300
届	948	../300.png	300
難	949	../301.png	301
弐	950	../301.png	301
乳	951	../301.png	301
認	952	../302.png	302
納	953	../302.png	302
脳	954	../302.png	302
派	955	../303.png	303
拝	956	../303.png	303
背	957	../303.png	303
肺	958	../304.png	304
俳	959	../304.png	304
班	960	../304.png	304
晩	961	../304.png	304
否	962	../305.png	305
批	963	../305.png	305
秘	964	../305.png	305
腹	965	../306.png	306
奮	966	../306.png	306
陛	967	../306.png	306
閉	968	../306.png	306
片	969	../307.png	307
補	970	../307.png	307
宝	971	../307.png	307
訪	972	../307.png	307
亡	973	../308.png	308
忘	974	../308.png	308
棒	975	../308.png	308
枚	976	../309.png	309
幕	977	../309.png	309
密	978	../309.png	309
盟	979	../310.png	310
模	980	../310.png	310
矢	981	../310.png	310
訳	982	../311.png	311
郵	983	../311.png	311
優	984	../311.png	311
幼	985	../311.png	311
羊	986	../312.png	312
欲	987	../312.png	312
翌	988	../312.png	312
乱	989	../313.png	313
卵	990	../313.png	313
覧	991	../313.png	313
裏	992	../314.png	314
律	993	../314.png	314
臨	994	../314.png	314
朗	995	../315.png	315
論	996	../315.png	315
亜	997	../316.png	316
哀	998	../316.png	316
握	999	../316.png	316
扱	1000	../317.png	317
依	1001	../317.png	317
威	1002	../317.png	317
為	1003	../318.png	318
尉	1004	../318.png	318
偉	1005	../319.png	319
違	1006	../319.png	319
維	1007	../319.png	319
慰	1008	../320.png	320
緯	1009	../320.png	320
逸	1010	../320.png	320
芋	1011	../321.png	321
姻	1012	../321.png	321
陰	1013	../321.png	321
隠	1014	../322.png	322
韻	1015	../322.png	322
詠	1016	../322.png	322
影	1017	../323.png	323
鋭	1018	../323.png	323
疫	1019	../323.png	323
悦	1020	../324.png	324
越	1021	../324.png	324
謁	1022	../324.png	324
閲	1023	../325.png	325
炎	1024	../325.png	325
宴	1025	../325.png	325
援	1026	../326.png	326
煙	1027	../326.png	326
猿	1028	../326.png	326
鉛	1029	../327.png	327
縁	1030	../327.png	327
汚	1031	../328.png	328
凹	1032	../328.png	328
押	1033	../328.png	328
欧	1034	../329.png	329
殴	1035	../329.png	329
桜	1036	../330.png	330
翁	1037	../330.png	330
奥	1038	../331.png	331
憶	1039	../331.png	331
虞	1040	../331.png	331
乙	1041	../332.png	332
卸	1042	../332.png	332
穏	1043	../333.png	333
佳	1044	../333.png	333
架	1045	../333.png	333
華	1046	../334.png	334
菓	1047	../334.png	334
渦	1048	../334.png	334
嫁	1049	../335.png	335
暇	1050	../335.png	335
禍	1051	../335.png	335
靴	1052	../335.png	335
寡	1053	../336.png	336
箇	1054	../336.png	336
稼	1055	../336.png	336
蚊	1056	../337.png	337
雅	1057	../337.png	337
餓	1058	../337.png	337
介	1059	../338.png	338
戒	1060	../338.png	338
怪	1061	../338.png	338
拐	1062	../339.png	339
悔	1063	../339.png	339
皆	1064	../339.png	339
塊	1065	../340.png	340
壊	1066	../340.png	340
懐	1067	../340.png	340
劾	1068	../341.png	341
涯	1069	../341.png	341
慨	1070	../341.png	341
該	1071	../342.png	342
概	1072	../342.png	342
垣	1073	../342.png	342
核	1074	../343.png	343
殻	1075	../343.png	343
郭	1076	../343.png	343
較	1077	../344.png	344
隔	1078	../344.png	344
獲	1079	../344.png	344
嚇	1080	../345.png	345
穫	1081	../345.png	345
岳	1082	../345.png	345
掛	1083	../346.png	346
潟	1084	../346.png	346
括	1085	../346.png	346
喝	1086	../347.png	347
渇	1087	../347.png	347
滑	1088	../347.png	347
褐	1089	../348.png	348
轄	1090	../348.png	348
且	1091	../348.png	348
刈	1092	../349.png	349
甘	1093	../349.png	349
汗	1094	../349.png	349
缶	1095	../349.png	349
肝	1096	../350.png	350
冠	1097	../350.png	350
陥	1098	../350.png	350
乾	1099	../350.png	350
勘	1100	../351.png	351
患	1101	../351.png	351
貫	1102	../351.png	351
喚	1103	../352.png	352
堪	1104	../352.png	352
換	1105	../352.png	352
敢	1106	../353.png	353
棺	1107	../353.png	353
款	1108	../353.png	353
閑	1109	../354.png	354
寛	1110	../354.png	354
監	1111	../355.png	355
緩	1112	../355.png	355
憾	1113	../355.png	355
還	1114	../356.png	356
環	1115	../356.png	356
艦	1116	../356.png	356
鑑	1117	../357.png	357
含	1118	../357.png	357
頑	1119	../357.png	357
企	1120	../358.png	358
岐	1121	../358.png	358
忌	1122	../358.png	358
奇	1123	../359.png	359
祈	1124	../359.png	359
軌	1125	../359.png	359
既	1126	../360.png	360
飢	1127	../360.png	360
鬼	1128	../360.png	360
幾	1129	../361.png	361
棋	1130	../361.png	361
棄	1131	../361.png	361
輝	1132	../362.png	362
騎	1133	../362.png	362
宜	1134	../362.png	362
偽	1135	../363.png	363
欺	1136	../363.png	363
儀	1137	../363.png	363
戯	1138	../363.png	363
擬	1139	../364.png	364
犠	1140	../364.png	364
菊	1141	../364.png	364
吉	1142	../365.png	365
喫	1143	../365.png	365
詰	1144	../365.png	365
却	1145	../366.png	366
脚	1146	../366.png	366
虐	1147	../366.png	366
及	1148	../366.png	366
丘	1149	../367.png	367
汲	1150	../367.png	367
糾	1151	../367.png	367
窮	1152	../367.png	367
巨	1153	../368.png	368
拒	1154	../368.png	368
拠	1155	../368.png	368
虚	1156	../369.png	369
距	1157	../369.png	369
御	1158	../369.png	369
凶	1159	../370.png	370
叫	1160	../370.png	370
狂	1161	../371.png	371
享	1162	../371.png	371
況	1163	../371.png	371
峡	1164	../372.png	372
挟	1165	../372.png	372
狭	1166	../372.png	372
恐	1167	../372.png	372
恭	1168	../373.png	373
脅	1169	../373.png	373
矯	1170	../373.png	373
響	1171	../374.png	374
驚	1172	../374.png	374
仰	1173	../374.png	374
暁	1174	../375.png	375
凝	1175	../375.png	375
斤	1176	../375.png	375
菌	1177	../376.png	376
琴	1178	../376.png	376
緊	1179	../376.png	376
謹	1180	../377.png	377
襟	1181	../377.png	377
吟	1182	../377.png	377
駆	1183	../378.png	378
愚	1184	../378.png	378
偶	1185	../378.png	378
遇	1186	../379.png	379
隅	1187	../379.png	379
屈	1188	../379.png	379
掘	1189	../380.png	380
繰	1190	../380.png	380
勲	1191	../380.png	380
薫	1192	../381.png	381
刑	1193	../381.png	381
茎	1194	../381.png	381
契	1195	../382.png	382
恵	1196	../382.png	382
啓	1197	../382.png	382
掲	1198	../383.png	383
渓	1199	../383.png	383
蛍	1200	../383.png	383
傾	1201	../384.png	384
携	1202	../384.png	384
継	1203	../385.png	385
慶	1204	../385.png	385
憩	1205	../386.png	386
鶏	1206	../386.png	386
迎	1207	../386.png	386
鯨	1208	../387.png	387
撃	1209	../387.png	387
激	1210	../387.png	387
傑	1211	../388.png	388
肩	1212	../388.png	388
倹	1213	../388.png	388
剣	1214	../389.png	389
軒	1215	../389.png	389
圏	1216	../389.png	389
堅	1217	../390.png	390
嫌	1218	../390.png	390
献	1219	../390.png	390
遣	1220	../391.png	391
賢	1221	../391.png	391
謙	1222	../391.png	391
繭	1223	../392.png	392
顕	1224	../392.png	392
懸	1225	../392.png	392
幻	1226	../393.png	393
玄	1227	../393.png	393
弦	1228	../393.png	393
孤	1229	../393.png	393
弧	1230	../394.png	394
枯	1231	../394.png	394
雇	1232	../394.png	394
誇	1233	../394.png	394
鼓	1234	../395.png	395
顧	1235	../395.png	395
互	1236	../395.png	395
呉	1237	../396.png	396
娯	1238	../396.png	396
悟	1239	../396.png	396
碁	1240	../396.png	396
孔	1241	../397.png	397
巧	1242	../397.png	397
甲	1243	../397.png	397
江	1244	../397.png	397
坑	1245	../398.png	398
抗	1246	../398.png	398
攻	1247	../398.png	398
更	1248	../399.png	399
拘	1249	../399.png	399
肯	1250	../399.png	399
恒	1251	../400.png	400
洪	1252	../400.png	400
荒	1253	../400.png	400
郊	1254	../401.png	401
香	1255	../401.png	401
侯	1256	../401.png	401
貢	1257	../401.png	401
控	1258	../402.png	402
慌	1259	../402.png	402
硬	1260	../402.png	402
絞	1261	../403.png	403
項	1262	../403.png	403
溝	1263	../403.png	403
綱	1264	../403.png	403
酵	1265	../404.png	404
稿	1266	../404.png	404
衡	1267	../404.png	404
購	1268	../405.png	405
拷	1269	../405.png	405
剛	1270	../405.png	405
豪	1271	../406.png	406
克	1272	../406.png	406
酷	1273	../406.png	406
獄	1274	../407.png	407
込	1275	../407.png	407
昆	1276	../407.png	407
恨	1277	../408.png	408
婚	1278	../408.png	408
紺	1279	../408.png	408
魂	1280	../409.png	409
墾	1281	../409.png	409
懇	1282	../410.png	410
佐	1283	../410.png	410
唆	1284	../410.png	410
詐	1285	../410.png	410
鎖	1286	../411.png	411
砕	1287	../411.png	411
宰	1288	../411.png	411
栽	1289	../412.png	412
彩	1290	../412.png	412
斎	1291	../412.png	412
債	1292	../413.png	413
催	1293	../413.png	413
歳	1294	../413.png	413
載	1295	../414.png	414
剤	1296	../414.png	414
崎	1297	../414.png	414
削	1298	../415.png	415
索	1299	../415.png	415
酢	1300	../415.png	415
搾	1301	../416.png	416
錯	1302	../416.png	416
咲	1303	../416.png	416
札	1304	../417.png	417
撮	1305	../417.png	417
擦	1306	../417.png	417
皿	1307	../417.png	417
桟	1308	../418.png	418
惨	1309	../418.png	418
傘	1310	../418.png	418
暫	1311	../419.png	419
旨	1312	../419.png	419
伺	1313	../419.png	419
刺	1314	../420.png	420
枝	1315	../420.png	420
祉	1316	../420.png	420
肢	1317	../420.png	420
施	1318	../421.png	421
脂	1319	../421.png	421
紫	1320	../421.png	421
嗣	1321	../422.png	422
飼	1322	../422.png	422
雌	1323	../422.png	422
賜	1324	../423.png	423
諮	1325	../423.png	423
侍	1326	../423.png	423
滋	1327	../424.png	424
慈	1328	../424.png	424
璽	1329	../424.png	424
軸	1330	../425.png	425
疾	1331	../425.png	425
執	1332	../425.png	425
湿	1333	../425.png	425
漆	1334	../426.png	426
芝	1335	../426.png	426
赦	1336	../426.png	426
斜	1337	../427.png	427
煮	1338	../427.png	427
遮	1339	../427.png	427
邪	1340	../428.png	428
蛇	1341	../428.png	428
勺	1342	../428.png	428
酌	1343	../429.png	429
爵	1344	../429.png	429
寂	1345	../429.png	429
朱	1346	../430.png	430
狩	1347	../430.png	430
殊	1348	../430.png	430
珠	1349	../431.png	431
趣	1350	../431.png	431
寿	1351	../431.png	431
儒	1352	../432.png	432
囚	1353	../432.png	432
舟	1354	../432.png	432
秀	1355	../432.png	432
臭	1356	../433.png	433
愁	1357	../433.png	433
酬	1358	../433.png	433
醜	1359	../434.png	434
襲	1360	../434.png	434
汁	1361	../434.png	434
充	1362	../435.png	435
柔	1363	../435.png	435
渋	1364	../435.png	435
銃	1365	../436.png	436
獣	1366	../436.png	436
叔	1367	../437.png	437
淑	1368	../437.png	437
粛	1369	../437.png	437
塾	1370	../438.png	438
俊	1371	../438.png	438
瞬	1372	../439.png	439
旬	1373	../439.png	439
巡	1374	../439.png	439
盾	1375	../440.png	440
准	1376	../440.png	440
殉	1377	../440.png	440
循	1378	../441.png	441
潤	1379	../441.png	441
遵	1380	../441.png	441
庶	1381	../442.png	442
緒	1382	../442.png	442
如	1383	../442.png	442
叙	1384	../443.png	443
徐	1385	../443.png	443
升	1386	../443.png	443
召	1387	../444.png	444
匠	1388	../444.png	444
床	1389	../444.png	444
抄	1390	../445.png	445
肖	1391	../445.png	445
尚	1392	../445.png	445
昇	1393	../446.png	446
松	1394	../446.png	446
沼	1395	../446.png	446
宵	1396	../447.png	447
症	1397	../447.png	447
祥	1398	../447.png	447
渉	1399	../448.png	448
紹	1400	../448.png	448
訟	1401	../448.png	448
掌	1402	../448.png	448
晶	1403	../449.png	449
焦	1404	../449.png	449
硝	1405	../449.png	449
粧	1406	../450.png	450
詔	1407	../450.png	450
奨	1408	../451.png	451
詳	1409	../451.png	451
彰	1410	../451.png	451
衝	1411	../452.png	452
償	1412	../452.png	452
礁	1413	../452.png	452
鐘	1414	../453.png	453
丈	1415	../453.png	453
冗	1416	../453.png	453
浄	1417	../454.png	454
剰	1418	../454.png	454
畳	1419	../455.png	455
縄	1420	../455.png	455
壌	1421	../456.png	456
嬢	1422	../456.png	456
錠	1423	../457.png	457
譲	1424	../457.png	457
醸	1425	../458.png	458
殖	1426	../458.png	458
飾	1427	../458.png	458
触	1428	../459.png	459
嘱	1429	../459.png	459
辱	1430	../459.png	459
伸	1431	../460.png	460
辛	1432	../460.png	460
侵	1433	../460.png	460
津	1434	../461.png	461
唇	1435	../461.png	461
娠	1436	../461.png	461
振	1437	../462.png	462
浸	1438	../462.png	462
紳	1439	../462.png	462
診	1440	../463.png	463
寝	1441	../463.png	463
慎	1442	../463.png	463
審	1443	../464.png	464
震	1444	../464.png	464
薪	1445	../464.png	464
刃	1446	../465.png	465
尽	1447	../465.png	465
迅	1448	../465.png	465
甚	1449	../465.png	465
陣	1450	../466.png	466
尋	1451	../466.png	466
吹	1452	../466.png	466
炊	1453	../467.png	467
帥	1454	../467.png	467
粋	1455	../467.png	467
衰	1456	../468.png	468
酔	1457	../468.png	468
遂	1458	../468.png	468
睡	1459	../468.png	468
穂	1460	../469.png	469
錘	1461	../469.png	469
随	1462	../469.png	469
髄	1463	../470.png	470
枢	1464	../470.png	470
崇	1465	../470.png	470
据	1466	../471.png	471
杉	1467	../471.png	471
畝	1468	../471.png	471
瀬	1469	../472.png	472
井	1470	../472.png	472
姓	1471	../472.png	472
征	1472	../472.png	472
斉	1473	../473.png	473
牲	1474	../473.png	473
逝	1475	../473.png	473
盛	1476	../473.png	473
婿	1477	../474.png	474
誓	1478	../474.png	474
請	1479	../474.png	474
斥	1480	../475.png	475
昔	1481	../475.png	475
析	1482	../475.png	475
隻	1483	../476.png	476
惜	1484	../476.png	476
跡	1485	../476.png	476
籍	1486	../477.png	477
拙	1487	../477.png	477
窃	1488	../477.png	477
摂	1489	../478.png	478
仙	1490	../478.png	478
占	1491	../478.png	478
扇	1492	../478.png	478
栓	1493	../479.png	479
旋	1494	../479.png	479
践	1495	../479.png	479
銑	1496	../480.png	480
潜	1497	../480.png	480
遷	1498	../480.png	480
薦	1499	../481.png	481
繊	1500	../481.png	481
鮮	1501	../481.png	481
禅	1502	../482.png	482
漸	1503	../482.png	482
繕	1504	../482.png	482
阻	1505	../483.png	483
租	1506	../483.png	483
措	1507	../483.png	483
粗	1508	../483.png	483
疎	1509	../484.png	484
訴	1510	../484.png	484
塑	1511	../484.png	484
礎	1512	../485.png	485
双	1513	../485.png	485
壮	1514	../485.png	485
荘	1515	../486.png	486
捜	1516	../486.png	486
挿	1517	../486.png	486
桑	1518	../487.png	487
掃	1519	../487.png	487
曹	1520	../487.png	487
巣	1521	../487.png	487
喪	1522	../488.png	488
葬	1523	../488.png	488
装	1524	../488.png	488
僧	1525	../489.png	489
遭	1526	../489.png	489
槽	1527	../489.png	489
燥	1528	../490.png	490
霜	1529	../490.png	490
騒	1530	../490.png	490
藻	1531	../491.png	491
憎	1532	../491.png	491
贈	1533	../491.png	491
即	1534	../492.png	492
束	1535	../492.png	492
促	1536	../492.png	492
賊	1537	../493.png	493
妥	1538	../493.png	493
堕	1539	../493.png	493
惰	1540	../494.png	494
駄	1541	../494.png	494
耐	1542	../494.png	494
怠	1543	../494.png	494
胎	1544	../495.png	495
泰	1545	../495.png	495
袋	1546	../495.png	495
逮	1547	../496.png	496
替	1548	../496.png	496
滞	1549	../496.png	496
滝	1550	../497.png	497
択	1551	../497.png	497
沢	1552	../497.png	497
卓	1553	../498.png	498
拓	1554	../498.png	498
託	1555	../498.png	498
濯	1556	../499.png	499
諾	1557	../499.png	499
濁	1558	../499.png	499
但	1559	../499.png	499
脱	1560	../500.png	500
奪	1561	../500.png	500
棚	1562	../500.png	500
丹	1563	../501.png	501
胆	1564	../501.png	501
淡	1565	../501.png	501
嘆	1566	../502.png	502
端	1567	../502.png	502
誕	1568	../502.png	502
鍛	1569	../503.png	503
弾	1570	../503.png	503
壇	1571	../503.png	503
恥	1572	../504.png	504
致	1573	../504.png	504
遅	1574	../504.png	504
痴	1575	../505.png	505
稚	1576	../505.png	505
畜	1577	../505.png	505
逐	1578	../506.png	506
蓄	1579	../506.png	506
秩	1580	../506.png	506
窒	1581	../506.png	506
嫡	1582	../507.png	507
沖	1583	../507.png	507
抽	1584	../507.png	507
衷	1585	../508.png	508
鋳	1586	../508.png	508
駐	1587	../508.png	508
弔	1588	../509.png	509
挑	1589	../509.png	509
彫	1590	../509.png	509
眺	1591	../510.png	510
釣	1592	../510.png	510
脹	1593	../510.png	510
超	1594	../510.png	510
跳	1595	../511.png	511
徴	1596	../511.png	511
澄	1597	../511.png	511
聴	1598	../512.png	512
懲	1599	../512.png	512
勅	1600	../512.png	512
沈	1601	../513.png	513
珍	1602	../513.png	513
朕	1603	../513.png	513
陳	1604	../514.png	514
鎮	1605	../514.png	514
墜	1606	../514.png	514
塚	1607	../514.png	514
漬	1608	../515.png	515
坪	1609	../515.png	515
廷	1610	../515.png	515
呈	1611	../515.png	515
抵	1612	../516.png	516
邸	1613	../516.png	516
亭	1614	../516.png	516
貞	1615	../517.png	517
帝	1616	../517.png	517
訂	1617	../517.png	517
逓	1618	../518.png	518
偵	1619	../518.png	518
堤	1620	../518.png	518
艇	1621	../518.png	518
締	1622	../519.png	519
泥	1623	../519.png	519
笛	1624	../519.png	519
摘	1625	../520.png	520
滴	1626	../520.png	520
迭	1627	../520.png	520
哲	1628	../520.png	520
徹	1629	../521.png	521
撤	1630	../521.png	521
添	1631	../521.png	521
殿	1632	../522.png	522
斗	1633	../522.png	522
吐	1634	../522.png	522
途	1635	../523.png	523
渡	1636	../523.png	523
塗	1637	../523.png	523
奴	1638	../523.png	523
怒	1639	../524.png	524
豆	1640	../524.png	524
到	1641	../524.png	524
逃	1642	../525.png	525
倒	1643	../525.png	525
凍	1644	../525.png	525
唐	1645	../525.png	525
桃	1646	../526.png	526
透	1647	../526.png	526
悼	1648	../526.png	526
盗	1649	../527.png	527
陶	1650	../527.png	527
塔	1651	../527.png	527
搭	1652	../528.png	528
棟	1653	../528.png	528
痘	1654	../528.png	528
筒	1655	../528.png	528
稲	1656	../529.png	529
踏	1657	../529.png	529
謄	1658	../529.png	529
闘	1659	../530.png	530
騰	1660	../530.png	530
洞	1661	../530.png	530
胴	1662	../531.png	531
峠	1663	../531.png	531
匿	1664	../531.png	531
督	1665	../531.png	531
篤	1666	../532.png	532
凸	1667	../532.png	532
突	1668	../532.png	532
屯	1669	../533.png	533
豚	1670	../533.png	533
鈍	1671	../533.png	533
曇	1672	../534.png	534
軟	1673	../534.png	534
尼	1674	../534.png	534
尿	1675	../534.png	534
妊	1676	../535.png	535
忍	1677	../535.png	535
寧	1678	../535.png	535
粘	1679	../536.png	536
悩	1680	../536.png	536
濃	1681	../536.png	536
把	1682	../537.png	537
覇	1683	../537.png	537
婆	1684	../537.png	537
杯	1685	../538.png	538
排	1686	../538.png	538
廃	1687	../538.png	538
輩	1688	../539.png	539
梅	1689	../539.png	539
培	1690	../539.png	539
陪	1691	../540.png	540
媒	1692	../540.png	540
賠	1693	../540.png	540
伯	1694	../541.png	541
拍	1695	../541.png	541
泊	1696	../541.png	541
迫	1697	../542.png	542
舶	1698	../542.png	542
薄	1699	../542.png	542
漠	1700	../543.png	543
縛	1701	../543.png	543
爆	1702	../543.png	543
箱	1703	../543.png	543
肌	1704	../544.png	544
鉢	1705	../544.png	544
髪	1706	../544.png	544
伐	1707	../545.png	545
抜	1708	../545.png	545
罰	1709	../545.png	545
閥	1710	../546.png	546
帆	1711	../546.png	546
伴	1712	../546.png	546
畔	1713	../547.png	547
般	1714	../547.png	547
販	1715	../547.png	547
搬	1716	../547.png	547
煩	1717	../548.png	548
頒	1718	../548.png	548
範	1719	../548.png	548
繁	1720	../549.png	549
藩	1721	../549.png	549
蛮	1722	../550.png	550
盤	1723	../550.png	550
妃	1724	../550.png	550
彼	1725	../551.png	551
披	1726	../551.png	551
卑	1727	../551.png	551
疲	1728	../552.png	552
被	1729	../552.png	552
扉	1730	../552.png	552
碑	1731	../552.png	552
罷	1732	../553.png	553
避	1733	../553.png	553
尾	1734	../554.png	554
微	1735	../554.png	554
匹	1736	../554.png	554
泌	1737	../555.png	555
姫	1738	../555.png	555
漂	1739	../555.png	555
苗	1740	../556.png	556
描	1741	../556.png	556
猫	1742	../556.png	556
浜	1743	../556.png	556
賓	1744	../557.png	557
頻	1745	../557.png	557
敏	1746	../558.png	558
瓶	1747	../558.png	558
扶	1748	../559.png	559
怖	1749	../559.png	559
附	1750	../559.png	559
赴	1751	../559.png	559
浮	1752	../560.png	560
符	1753	../560.png	560
普	1754	../560.png	560
腐	1755	../561.png	561
敷	1756	../561.png	561
膚	1757	../561.png	561
賦	1758	../562.png	562
譜	1759	../562.png	562
侮	1760	../562.png	562
舞	1761	../562.png	562
封	1762	../563.png	563
伏	1763	../563.png	563
幅	1764	../563.png	563
覆	1765	../564.png	564
払	1766	../564.png	564
沸	1767	../564.png	564
紛	1768	../565.png	565
雰	1769	../565.png	565
噴	1770	../565.png	565
墳	1771	../566.png	566
憤	1772	../566.png	566
丙	1773	../566.png	566
併	1774	../567.png	567
並	1775	../567.png	567
柄	1776	../567.png	567
塀	1777	../568.png	568
幣	1778	../568.png	568
弊	1779	../569.png	569
壁	1780	../569.png	569
癖	1781	../569.png	569
偏	1782	../570.png	570
遍	1783	../570.png	570
捕	1784	../570.png	570
浦	1785	../571.png	571
舗	1786	../571.png	571
募	1787	../571.png	571
慕	1788	../572.png	572
暮	1789	../572.png	572
簿	1790	../572.png	572
芳	1791	../573.png	573
邦	1792	../573.png	573
奉	1793	../573.png	573
抱	1794	../573.png	573
泡	1795	../574.png	574
胞	1796	../574.png	574
俸	1797	../574.png	574
倣	1798	../574.png	574
峰	1799	../575.png	575
砲	1800	../575.png	575
崩	1801	../575.png	575
飽	1802	../576.png	576
褒	1803	../576.png	576
縫	1804	../576.png	576
乏	1805	../577.png	577
忙	1806	../577.png	577
坊	1807	../577.png	577
妨	1808	../578.png	578
房	1809	../578.png	578
肪	1810	../578.png	578
某	1811	../579.png	579
冒	1812	../579.png	579
剖	1813	../579.png	579
紡	1814	../579.png	579
傍	1815	../580.png	580
帽	1816	../580.png	580
膨	1817	../580.png	580
謀	1818	../581.png	581
朴	1819	../581.png	581
僕	1820	../581.png	581
墨	1821	../582.png	582
撲	1822	../582.png	582
没	1823	../582.png	582
堀	1824	../583.png	583
奔	1825	../583.png	583
翻	1826	../583.png	583
凡	1827	../584.png	584
盆	1828	../584.png	584
麻	1829	../584.png	584
摩	1830	../585.png	585
磨	1831	../585.png	585
魔	1832	../585.png	585
埋	1833	../586.png	586
膜	1834	../586.png	586
又	1835	../586.png	586
抹	1836	../586.png	586
慢	1837	../587.png	587
漫	1838	../587.png	587
魅	1839	../587.png	587
岬	1840	../588.png	588
妙	1841	../588.png	588
眠	1842	../588.png	588
矛	1843	../589.png	589
夢	1844	../589.png	589
霧	1845	../589.png	589
娘	1846	../590.png	590
銘	1847	../590.png	590
滅	1848	../590.png	590
免	1849	../591.png	591
茂	1850	../591.png	591
妄	1851	../591.png	591
盲	1852	../592.png	592
耗	1853	../592.png	592
猛	1854	../592.png	592
網	1855	../593.png	593
黙	1856	../593.png	593
紋	1857	../593.png	593
匁	1858	../593.png	593
厄	1859	../594.png	594
躍	1860	../594.png	594
愉	1861	../594.png	594
諭	1862	../595.png	595
癒	1863	../595.png	595
唯	1864	../595.png	595
幽	1865	../596.png	596
悠	1866	../596.png	596
猶	1867	../597.png	597
裕	1868	../597.png	597
雄	1869	../597.png	597
誘	1870	../598.png	598
憂	1871	../598.png	598
融	1872	../598.png	598
与	1873	../599.png	599
誉	1874	../599.png	599
庸	1875	../599.png	599
揚	1876	../600.png	600
揺	1877	../600.png	600
溶	1878	../600.png	600
腰	1879	../601.png	601
踊	1880	../601.png	601
窯	1881	../601.png	601
擁	1882	../602.png	602
謡	1883	../602.png	602
抑	1884	../603.png	603
翼	1885	../603.png	603
裸	1886	../603.png	603
羅	1887	../603.png	603
雷	1888	../604.png	604
頼	1889	../604.png	604
絡	1890	../604.png	604
酪	1891	../605.png	605
濫	1892	../605.png	605
欄	1893	../605.png	605
吏	1894	../606.png	606
痢	1895	../606.png	606
履	1896	../606.png	606
離	1897	../607.png	607
柳	1898	../607.png	607
竜	1899	../607.png	607
粒	1900	../608.png	608
隆	1901	../608.png	608
硫	1902	../608.png	608
虜	1903	../609.png	609
慮	1904	../609.png	609
了	1905	../609.png	609
涼	1906	../610.png	610
猟	1907	../610.png	610
陵	1908	../610.png	610
僚	1909	../611.png	611
寮	1910	../611.png	611
療	1911	../611.png	611
糧	1912	../612.png	612
厘	1913	../612.png	612
倫	1914	../612.png	612
隣	1915	../613.png	613
涙	1916	../613.png	613
累	1917	../613.png	613
塁	1918	../614.png	614
励	1919	../614.png	614
戻	1920	../614.png	614
鈴	1921	../615.png	615
零	1922	../615.png	615
霊	1923	../615.png	615
隷	1924	../616.png	616
齢	1925	../616.png	616
麗	1926	../616.png	616
暦	1927	../617.png	617
劣	1928	../617.png	617
烈	1929	../617.png	617
裂	1930	../617.png	617
恋	1931	../618.png	618
廉	1932	../618.png	618
錬	1933	../618.png	618
炉	1934	../619.png	619
露	1935	../619.png	619
郎	1936	../619.png	619
浪	1937	../620.png	620
廊	1938	../620.png	620
楼	1939	../620.png	620
漏	1940	../621.png	621
賄	1941	../621.png	621
惑	1942	../621.png	621
枠	1943	../622.png	622
湾	1944	../622.png	622
腕	1945	../622.png	622